1000|Lio|Kraft|1999-08-27|2016-03-04|Lio.Kraft@fake_ldr|Clemensstr.|74a|19205|Holdorf|M|Mecklenburg-Vorpommern|0170/787460
1001|Toni|Karger|1966-08-23|2010-05-19|Toni.Karger@fake_oxveyf|Wildanger|31a|24848|Klein Bennebek|M|Schleswig-Holstein|0174/84527
1002|Lenia|Blum|1940-07-03|2011-07-20|Lenia.Blum@fake_nphec|Ina-Seidel-Bogen|81|19309|Lanz|F|Brandenburg|0174/6260351
1003|Giulia|Lautenschläger|1933-05-08|2017-09-13|Giulia.Lautenschläger@fake_pixdf|Truderinger Str.|302a|52391|Vettweiß|F|Nordrhein-Westfalen|0179/8183457
1004|Maxim|Niggemann|1931-02-24|2016-01-18|Maxim.Niggemann@fake_lhfvhi|Verdistr.|91|17091|Mölln|M|Mecklenburg-Vorpommern|0174/086677
1005|Piet|Ney|1996-03-06|2019-10-30|Piet.Ney@fake_ipvpi|Trockenstädelweg|1|79677|Schönau im Schwarzwald|M|Baden-Württemberg|0176/745334
1006|Tilo|Heinemann|1937-11-26|2020-04-13|Tilo.Heinemann@fake_lmnr|Fäustlestr.|8|16356|Ahrensfelde|M|Brandenburg|0170/76272
1007|Arin|Stehr|1980-07-17|2020-01-30|Arin.Stehr@fake_slqi|Helenenstr.|4|24241|Reesdorf|F|Schleswig-Holstein|0179/509629
1008|Azra|Henninger|1958-10-29|2014-06-29|Azra.Henninger@fake_htgu|Strelitzer Str.|1|36399|Freiensteinau|F|Hessen|0178/4661487
1009|Stella|Euler|1943-11-01|2017-06-15|Stella.Euler@fake_bus|Wohlfartstr.|28|44869|Bochum|F|Nordrhein-Westfalen|0177/8436239
1010|Palina|Wittig|1985-12-22|2015-05-19|Palina.Wittig@fake_akjck|Siegmannstr.|17|98663|Ummerstadt|F|Thüringen|0173/34733
1011|Mary|Kreutzer|1980-11-02|2010-01-27|Mary.Kreutzer@fake_gvhs|Freseniusstr.|19|87647|Kraftisried|F|Bayern|0179/782152
1012|Isabel|Heidemann|1965-10-15|2019-09-07|Isabel.Heidemann@fake_wrb|Eigerstr.|22a|74193|Schwaigern|F|Baden-Württemberg|0173/037393
1013|Konstantinos|Bruhn|1957-12-27|2010-03-30|Konstantinos.Bruhn@fake_wkr|Wintrichring|85|17379|Altwigshagen|M|Mecklenburg-Vorpommern|0177/486455
1014|Leyla|Knobloch|2003-06-25|2019-12-24|Leyla.Knobloch@fake_afo|Hunkelestr.|30|15528|Spreenhagen|F|Brandenburg|0178/7198055
1015|Vivienne|Bornemann|1985-06-27|2015-11-17|Vivienne.Bornemann@fake_jiysf|Ludwig-Krafft-Str.|14|73489|Jagstzell|F|Baden-Württemberg|0179/140001
1016|Eda|Nitsche|2000-10-18|2011-11-28|Eda.Nitsche@fake_lcgv|Dumasstr.|10|55481|Metzenhausen|F|Rheinland-Pfalz|0175/8916905
1017|Christina|Prager|1967-02-12|2014-08-22|Christina.Prager@fake_bpso|Ringbergstr.|12b|24622|Gnutz|F|Schleswig-Holstein|0177/54696
1018|Mads|Weise|1956-09-20|2020-07-30|Mads.Weise@fake_jnvc|Säckingenstr.|4|59469|Ense|M|Nordrhein-Westfalen|0175/156826
1019|Noemi|Wuttke|1966-02-12|2013-09-25|Noemi.Wuttke@fake_evp|Riezlerweg|22|85609|Aschheim|F|Bayern|0175/89238
1020|Cara|Kamps|1935-08-27|2020-02-12|Cara.Kamps@fake_dltv|Karl-Valentin-Str.|6|17209|Bütow|F|Mecklenburg-Vorpommern|0179/21004
1021|Leander|Derksen|2002-06-30|2017-02-20|Leander.Derksen@fake_byuj|Bachstelzenweg|6|26935|Stadland|M|Niedersachsen|0173/2186710
1022|Delia|Berger|1985-11-05|2013-01-22|Delia.Berger@fake_evy|Am Kornacker|7b|44309|Dortmund|F|Nordrhein-Westfalen|0177/4623128
1023|Marlon|Donath|1964-07-18|2018-09-27|Marlon.Donath@fake_ood|Ilmmünsterstr.|79|63820|Elsenfeld|M|Bayern|0171/280836
1024|Mariella|Fuhrmann|2004-02-26|2021-07-07|Mariella.Fuhrmann@fake_xwlei|Innere Wiener Str.|7b|81735|München|F|Bayern|0172/9957612
1025|Stella|Helmer|1951-12-01|2011-02-11|Stella.Helmer@fake_zjvx|Iblherstr.|26a|92266|Ensdorf|F|Bayern|0175/230867
1026|Jayden|Schuster|2003-08-26|2015-02-26|Jayden.Schuster@fake_uqeot|Pottensteinstr.|7|23749|Grube|M|Schleswig-Holstein|0177/807693
1027|Jordan|Pabst|1998-12-29|2012-05-12|Jordan.Pabst@fake_uodl|Damaschkestr.|81|06556|Reinsdorf|M|Thüringen|0171/039914
1028|Adrian|Bartl|1969-08-26|2011-07-27|Adrian.Bartl@fake_eupw|Randorferstr.|11a|39106|Magdeburg|M|Sachsen-Anhalt|0172/26866
1029|Hendrik|Schätzle|1966-01-02|2014-08-20|Hendrik.Schätzle@fake_fhty|Von-der-Pfordten-Str.|35|10789|Berlin|M|Berlin|0179/351458
1030|Jasmina|Quade|1949-06-03|2011-08-04|Jasmina.Quade@fake_mmy|Argelsrieder Str.|29|18182|Mönchhagen|F|Mecklenburg-Vorpommern|0172/031413
1031|Levi|Stegmann|1970-06-11|2020-03-02|Levi.Stegmann@fake_qadxa|Goldregenstr.|1|04758|Liebschützberg|M|Sachsen|0177/084575
1032|Leoni|Wisniewski|2001-08-17|2013-03-28|Leoni.Wisniewski@fake_lko|Gabelsbergerstr.|38|47139|Duisburg|F|Nordrhein-Westfalen|0170/779299
1033|Ragnar|Schmidl|1960-09-29|2018-04-04|Ragnar.Schmidl@fake_bbs|Werdenfelsstr.|81|12557|Berlin|M|Berlin|0177/87789
1034|Iven|Saß|1934-03-26|2019-03-18|Iven.Saß@fake_bvo|Frobeniusweg|8|07557|Hundhaupten|M|Thüringen|0175/9445724
1035|Oscar|Ernst|1949-08-06|2012-10-07|Oscar.Ernst@fake_zqbjzf|Kniggestr.|3|56283|Mermuth|M|Rheinland-Pfalz|0171/915633
1036|Mariella|Fischbach|1981-07-09|2021-07-29|Mariella.Fischbach@fake_rmo|Karlspl.|4|55597|Gumbsheim|F|Rheinland-Pfalz|0171/1289954
1037|Josua|Lehner|1989-12-14|2022-07-26|Josua.Lehner@fake_plow|Entenbachstr.|43b|03130|Jämlitz-Klein Düben|M|Brandenburg|0173/7756577
1038|Matthias|Knüppel|1990-12-21|2012-02-11|Matthias.Knüppel@fake_wtdggl|Hauzenberger Str.|16|21720|Grünendeich|M|Niedersachsen|0174/451873
1039|Milan|Schillinger|1962-02-26|2017-02-09|Milan.Schillinger@fake_bpqv|Hauttmannweg|6|17375|Hintersee|M|Mecklenburg-Vorpommern|0179/19181
1040|Alya|Abel|1958-06-19|2011-02-19|Alya.Abel@fake_nrnno|Spitzelbergstr.|22|86480|Aletshausen|F|Bayern|0176/961114
1041|Oskar|Staiger|1944-03-22|2015-04-26|Oskar.Staiger@fake_aqth|Imhofstr.|1|19079|Sukow|M|Mecklenburg-Vorpommern|0175/9873080
1042|Nelio|Jüngling|1930-03-18|2013-08-05|Nelio.Jüngling@fake_rvao|Lipperheidestr.|7|57635|Hasselbach|M|Rheinland-Pfalz|0176/780009
1043|Emilia|Ehret|1940-04-17|2017-09-18|Emilia.Ehret@fake_yqsne|Matterhornstr.|52|67725|Imsbach|F|Rheinland-Pfalz|0176/078221
1044|Leander|Frei|1963-08-04|2010-07-19|Leander.Frei@fake_gqcw|Therese-Danner-Pl.|3|66909|Nanzdietschweiler|M|Rheinland-Pfalz|0176/968138
1045|Lotta|Siewert|1944-08-08|2016-05-06|Lotta.Siewert@fake_ehcpi|Barlowstr.|12|55618|Simmertal|F|Rheinland-Pfalz|0174/30646
1046|Armin|Falk|1984-08-14|2018-03-10|Armin.Falk@fake_fdtlz|Ferdinand-Maria-Str.|32|29303|Südheide|M|Niedersachsen|0179/57871
1047|Malou|Lehnen|1971-06-02|2021-01-21|Malou.Lehnen@fake_vczjj|Hohenbrunner Str.|18|01920|Räckelwitz - Worklecy|F|Sachsen|0176/9625917
1048|Jan|Wernicke|1999-08-20|2013-01-20|Jan.Wernicke@fake_mnt|Haidelweg|29b|25927|Neukirchen|M|Schleswig-Holstein|0174/61377
1049|Lola|Roos|1978-11-22|2021-06-11|Lola.Roos@fake_eigou|Schimmelweg|2|88456|Ingoldingen|F|Baden-Württemberg|0170/323625
1050|Ina|Jahns|1986-08-26|2021-11-04|Ina.Jahns@fake_ljw|Chiemgaustr.|189|61203|Reichelsheim|F|Hessen|0173/986601
1051|Elissa|Kühnel|1966-09-13|2017-05-30|Elissa.Kühnel@fake_qau|Firlestr.|11|67454|Haßloch|F|Rheinland-Pfalz|0178/39720
1052|Jacob|März|1956-11-22|2015-03-15|Jacob.März@fake_mym|Pläntschweg|2|54455|Serrig|M|Rheinland-Pfalz|0174/691340
1053|Paula|Flügel|1975-12-22|2010-03-06|Paula.Flügel@fake_dcxsz|Freda-Wuesthoff-Weg|5|20359|Hamburg|F|Hamburg|0178/728659
1054|Nika|Heim|1957-10-16|2010-09-15|Nika.Heim@fake_asb|Matterhornstr.|19|97529|Sulzheim|F|Bayern|0170/5206784
1056|Hanni|Merten|1979-12-23|2013-01-14|Hanni.Merten@fake_zhraw|Zweibrückenstr.|2|86934|Reichling|F|Bayern|0178/5248032
1057|Kai|Zander|1986-08-27|2021-06-21|Kai.Zander@fake_gjux|Hollerithstr.|11|65510|Hünstetten|M|Hessen|0173/0195735
1058|Lorena|Herwig|1963-09-22|2019-10-12|Lorena.Herwig@fake_gtaoxg|Keferloherstr.|84b|21483|Dalldorf|F|Schleswig-Holstein|0173/307247
1059|Josua|Beetz|1992-12-06|2015-12-27|Josua.Beetz@fake_tshpo|Planseestr.|4|56290|Lieg|M|Rheinland-Pfalz|0173/8468395
1060|Jaro|May|1979-02-26|2015-01-29|Jaro.May@fake_fjf|Hosigaustr.|17|94158|Philippsreut|M|Bayern|0179/46792
1061|Anita|Uhl|1989-09-12|2010-06-26|Anita.Uhl@fake_facxdg|Prinzregentenstr.|124|47058|Duisburg|F|Nordrhein-Westfalen|0171/26226
1062|Leila|Wilhelm|1963-03-30|2011-11-23|Leila.Wilhelm@fake_jzt|Turfstr.|17|56769|Bereborn|F|Rheinland-Pfalz|0179/06809
1063|Elena|Voit|2005-07-07|2019-12-21|Elena.Voit@fake_byzds|Eduard-Schwartz-Str.|12|86981|Kinsau|F|Bayern|0178/346414
1064|Luka|Brose|1980-12-02|2021-11-02|Luka.Brose@fake_fsph|Kulturheimstr.|17|55490|Gemünden|M|Rheinland-Pfalz|0178/70140
1065|Sina|Hornig|1935-05-11|2022-06-04|Sina.Hornig@fake_qhdg|Sachsenkamstr.|24|09392|Auerbach|F|Sachsen|0174/345297
1066|Charly|Rombach|2002-06-05|2013-08-23|Charly.Rombach@fake_rwqe|Türkenstr.|55|18209|Wittenbeck|M|Mecklenburg-Vorpommern|0173/4405586
1067|Yigit|Teufel|1954-12-23|2010-10-29|Yigit.Teufel@fake_yxv|Franz-Nißl-Str.|42|88416|Erlenmoos|M|Baden-Württemberg|0177/126079
1068|Adriana|Beutel|1969-10-04|2012-07-13|Adriana.Beutel@fake_avund|Ittlingerstr.|43|81675|München|F|Bayern|0174/518114
1069|Margarethe|Eberl|1959-09-28|2011-04-29|Margarethe.Eberl@fake_dbls|Iltisstr.|71a|94166|Stubenberg|F|Bayern|0174/795529
1070|Elli|Engl|1994-05-21|2016-08-31|Elli.Engl@fake_qnfcs|Schatzbogen|183|93057|Regensburg|F|Bayern|0170/351580
1071|Eslem|Weigel|1931-05-13|2019-04-24|Eslem.Weigel@fake_gsuft|Am Mühlbach|4c|86875|Waal|F|Bayern|0177/216333
1072|Samu|Simon|2001-07-07|2014-02-14|Samu.Simon@fake_avb|Lindwurmstr.|43|65529|Waldems|M|Hessen|0179/970547
1073|Xaver|Bley|1932-09-04|2017-09-17|Xaver.Bley@fake_pge|Kreuzeckstr.|2a|07589|Lindenkreuz|M|Thüringen|0179/784217
1074|Melisa|Beer|1998-12-23|2014-02-17|Melisa.Beer@fake_vtv|Graf-Ottenburg-Str.|25|65558|Holzheim|F|Rheinland-Pfalz|0177/6638070
1075|Melis|Saller|1989-03-07|2017-07-22|Melis.Saller@fake_gcsmy|Jagdhornstr.|18|57614|Stürzelbach|F|Rheinland-Pfalz|0175/0709597
1076|Leya|Wehrmann|1973-09-26|2020-02-13|Leya.Wehrmann@fake_adugve|Euckenstr.|21|71636|Ludwigsburg|F|Baden-Württemberg|0177/7000717
1077|Naomi|Patzer|1943-03-07|2016-11-04|Naomi.Patzer@fake_qgtfwj|Floriansmühlstr.|64|98663|Heldburg|F|Thüringen|0175/6051692
1078|Alessandro|Langer|1938-12-25|2020-02-13|Alessandro.Langer@fake_leraz|Dachstr.|56|42279|Wuppertal|M|Nordrhein-Westfalen|0179/81675
1079|Ahmad|Just|2001-05-17|2022-03-13|Ahmad.Just@fake_obn|Carl-Orff-Bogen|100|34587|Felsberg|M|Hessen|0177/7777251
1080|Andrej|Köllner|1962-03-27|2020-10-10|Andrej.Köllner@fake_bozc|Paul-Preuß-Str.|95|24392|Nottfeld|M|Schleswig-Holstein|0178/87004
1081|Diana|Bauch|1984-11-29|2018-06-04|Diana.Bauch@fake_djt|Langwieder Hauptstr.|4d|14727|Premnitz|F|Brandenburg|0173/085441
1082|Logan|Schwarz|1995-02-21|2022-05-14|Logan.Schwarz@fake_zphj|Guntherstr.|2|04277|Leipzig|M|Sachsen|0176/082119
1083|Ivan|Vater|1954-12-08|2020-11-28|Ivan.Vater@fake_eag|Leopoldstr.|133|59192|Bergkamen|M|Nordrhein-Westfalen|0178/706645
1084|Madita|Jahnke|1957-01-03|2018-07-26|Madita.Jahnke@fake_zmq|Scharfreiterpl.|68|17390|Klein Bünzow|F|Mecklenburg-Vorpommern|0176/413263
1085|Marlene|Mitschke|1981-02-23|2019-11-03|Marlene.Mitschke@fake_ecyn|Anglerstr.|7|57629|Luckenbach|F|Rheinland-Pfalz|0173/65668
1086|Andrej|Eichmann|1953-03-28|2015-02-03|Andrej.Eichmann@fake_bqedtc|Riesenfeldstr.|34|76187|Karlsruhe|M|Baden-Württemberg|0176/2317848
1087|Joseph|Brendel|1949-01-12|2012-02-21|Joseph.Brendel@fake_nxsxv|Emanuelstr.|23|09350|Lichtenstein/Sachsen|M|Sachsen|0176/7725824
1088|Antoni|Voges|1931-07-15|2015-06-30|Antoni.Voges@fake_qzydn|Eislebener Weg|20|39326|Colbitz|M|Sachsen-Anhalt|0174/158469
1089|Clara|Reich|1977-01-10|2012-11-18|Clara.Reich@fake_lwlknw|Rudliebstr.|11|54673|Koxhausen|F|Rheinland-Pfalz|0177/7815639
1090|Charly|Selzer|1935-04-29|2012-03-02|Charly.Selzer@fake_mujf|Rosenheimer Str.|169|99098|Erfurt|M|Thüringen|0178/5610142
1091|Tayler|Ulbricht|2004-09-10|2011-10-16|Tayler.Ulbricht@fake_nwd|Nusselstr.|42|74379|Ingersheim|M|Baden-Württemberg|0170/974724
1092|Tony|Teschner|1997-11-11|2012-09-02|Tony.Teschner@fake_kvw|Häherweg|15|24214|Felm|M|Schleswig-Holstein|0179/9100673
1093|Fine|Burmester|1966-01-29|2017-12-07|Fine.Burmester@fake_wfip|Petra-Kelly-Str.|7|23968|Gägelow|F|Mecklenburg-Vorpommern|0176/62203
1094|Alya|Barz|1972-05-29|2011-11-12|Alya.Barz@fake_ryab|Peralohstr.|61a|56479|Rehe|F|Rheinland-Pfalz|0172/67485
1095|Liz|Steck|1963-04-17|2017-09-18|Liz.Steck@fake_xly|Senftenauerstr.|60|74864|Fahrenbach|F|Baden-Württemberg|0177/909543
1096|Lilliana|Meyer|1995-03-11|2018-02-05|Lilliana.Meyer@fake_dfxk|Eddastr.|7|34295|Edermünde|F|Hessen|0170/8634598
1097|Ecrin|Böhmer|1964-07-22|2022-12-09|Ecrin.Böhmer@fake_qscdnh|Gundermannstr.|37|25560|Pöschendorf|F|Schleswig-Holstein|0177/17840
1098|Loris|Straub|1987-02-21|2017-06-21|Loris.Straub@fake_tebawj|Birkenleiten|33|57612|Birnbach|M|Rheinland-Pfalz|0173/98511
1099|Yuna|Prause|1961-06-25|2019-03-28|Yuna.Prause@fake_ttxu|Heimstättenstr.|28|63679|Schotten|F|Hessen|0175/690095
1100|Betty|Senger|1958-09-22|2016-02-27|Betty.Senger@fake_qmiw|Graudenzer Str.|17|28199|Bremen|F|Bremen|0171/825834
